name,engine,sampling_rate,duration,duration_stdev,duration_median,duration_min,duration_max,num_warnings,num_warnings_stdev,num_warnings_median,num_warnings_min,num_warnings_max
/home/users/nus/dws.lim/scratch/traces/STD-Format/boundedbuffer.std,UClockEpoch,1.0,1.5,0.7071067811865476,1.0,1,3,3,0.0,3.0,3,3
/home/users/nus/dws.lim/scratch/traces/STD-Format/critical.std,HBEpoch,1.0,1.7,0.9486832980505138,1.5,1,4,2,0.0,2.0,2,2
/home/users/nus/dws.lim/scratch/traces/STD-Format/account.std,UClockEpoch,1.0,3.5,5.681353516353104,1.5,0,19,6,0.0,6.0,6,6
/home/users/nus/dws.lim/scratch/traces/STD-Format/airlinetickets.std,HBEpoch,1.0,2,0.816496580927726,2.0,1,4,5,0.0,5.0,5,5
/home/users/nus/dws.lim/scratch/traces/STD-Format/mergesort.std,UClockEpoch,1.0,3.8,0.7888106377466155,4.0,3,5,4,0.0,4.0,4,4
/home/users/nus/dws.lim/scratch/traces/STD-Format/clean.std,HBEpoch,1.0,13.4,7.058485830702094,10.5,7,28,32,0.0,32.0,32,32
/home/users/nus/dws.lim/scratch/traces/STD-Format/critical.std,UClockEpoch,1.0,2.2,3.4576806613039843,1.0,1,12,2,0.0,2.0,2,2
/home/users/nus/dws.lim/scratch/traces/STD-Format/array.std,HBEpoch,1.0,1.5,0.5270462766947299,1.5,1,2,0,0.0,0.0,0,0
/home/users/nus/dws.lim/scratch/traces/STD-Format/airlinetickets.std,UClockEpoch,1.0,3.9,4.433458644845529,2.0,1,15,4,0.0,4.0,4,4
/home/users/nus/dws.lim/scratch/traces/STD-Format/clean.std,UClockEpoch,1.0,14.6,4.060651288757616,13.0,11,24,30,0.0,30.0,30,30
/home/users/nus/dws.lim/scratch/traces/STD-Format/ftpserver.std,UClockEpoch,1.0,73.3,21.04518947408172,66.5,42,110,116,0.0,116.0,116,116
/home/users/nus/dws.lim/scratch/traces/STD-Format/moldyn.std,UClockEpoch,1.0,40.3,23.074998495244923,34.0,14,79,20516,0.0,20516.0,20516,20516
/home/users/nus/dws.lim/scratch/traces/STD-Format/sunflow.std,HBEpoch,1.0,48.1,19.779057386819805,48.0,20,89,116,0.0,116.0,116,116
/home/users/nus/dws.lim/scratch/traces/STD-Format/array.std,UClockEpoch,1.0,1.8,0.9189365834726815,2.0,1,4,0,0.0,0.0,0,0
/home/users/nus/dws.lim/scratch/traces/STD-Format/jigsaw.std,HBEpoch,1.0,30.6,15.33478254021085,27.0,12,57,5,0.0,5.0,5,5
/home/users/nus/dws.lim/scratch/traces/STD-Format/bubblesort.std,HBEpoch,1.0,24,9.66091783079296,19.0,15,42,404,0.0,404.0,404,404
/home/users/nus/dws.lim/scratch/traces/STD-Format/twostage.std,HBEpoch,1.0,2.8,1.1352924243950933,2.0,2,5,4,0.0,4.0,4,4
/home/users/nus/dws.lim/scratch/traces/STD-Format/wronglock.std,HBEpoch,1.0,8,5.557777333511022,6.0,2,21,7,0.0,7.0,7,7
/home/users/nus/dws.lim/scratch/traces/STD-Format/raytracer.std,HBEpoch,1.0,11,7.788880963698615,8.5,4,25,116,0.0,116.0,116,116
/home/users/nus/dws.lim/scratch/traces/STD-Format/derby.std,HBEpoch,1.0,117.4,25.725905663789995,119.0,79,167,50,0.0,50.0,50,50
/home/users/nus/dws.lim/scratch/traces/STD-Format/sunflow.std,UClockEpoch,1.0,22.4,6.4670103001481465,23.0,13,32,27,0.0,27.0,27,27
/home/users/nus/dws.lim/scratch/traces/STD-Format/twostage.std,UClockEpoch,1.0,3.1,1.449137674618944,3.0,1,6,4,0.0,4.0,4,4
/home/users/nus/dws.lim/scratch/traces/STD-Format/bubblesort.std,UClockEpoch,1.0,19.2,8.482662055955993,20.0,8,37,402,0.0,402.0,402,402
/home/users/nus/dws.lim/scratch/traces/STD-Format/wronglock.std,UClockEpoch,1.0,3.7,1.0593499054713802,4.0,1,5,7,0.0,7.0,7,7
/home/users/nus/dws.lim/scratch/traces/STD-Format/jigsaw.std,UClockEpoch,1.0,33.9,14.239616099694073,30.5,22,71,4,0.0,4.0,4,4
/home/users/nus/dws.lim/scratch/traces/STD-Format/raytracer.std,UClockEpoch,1.0,7.8,3.5213633723318014,7.5,3,16,116,0.0,116.0,116,116
/home/users/nus/dws.lim/scratch/traces/STD-Format/luindex.std,HBEpoch,1.0,69.9,30.747899657266565,59.5,42,141,1,0.0,1.0,1,1
/home/users/nus/dws.lim/scratch/traces/STD-Format/boundedbuffer.std,HBEpoch,1.0,3,3.265986323710904,1.5,1,10,3,0.0,3.0,3,3
/home/users/nus/dws.lim/scratch/traces/STD-Format/producerconsumer.std,HBEpoch,1.0,7.5,7.749551958375114,5.0,2,29,3,0.0,3.0,3,3
/home/users/nus/dws.lim/scratch/traces/STD-Format/lang.std,HBEpoch,1.0,19.3,5.6381636096240495,18.0,12,27,800,0.0,800.0,800,800
/home/users/nus/dws.lim/scratch/traces/STD-Format/producerconsumer.std,UClockEpoch,1.0,6.1,3.573047252229764,5.0,2,14,3,0.0,3.0,3,3
/home/users/nus/dws.lim/scratch/traces/STD-Format/lang.std,UClockEpoch,1.0,13.7,5.926400443964466,13.5,6,25,800,0.0,800.0,800,800
/home/users/nus/dws.lim/scratch/traces/STD-Format/derby.std,UClockEpoch,1.0,121.4,23.509808827617274,113.5,85,163,41,0.0,41.0,41,41
/home/users/nus/dws.lim/scratch/traces/STD-Format/moldyn.std,HBEpoch,1.0,58.6,32.711533813693976,51.5,24,129,20516,0.0,20516.0,20516,20516
/home/users/nus/dws.lim/scratch/traces/STD-Format/luindex.std,UClockEpoch,1.0,61.1,15.147056919855201,58.0,46,95,1,0.0,1.0,1,1
/home/users/nus/dws.lim/scratch/traces/STD-Format/batik.std,HBEpoch,1.0,2.7,0.8232726023485646,2.5,2,4,105,0.0,105.0,105,105
/home/users/nus/dws.lim/scratch/traces/STD-Format/batik.std,UClockEpoch,1.0,2.6,1.07496769977314,2.5,1,5,104,0.0,104.0,104,104
/home/users/nus/dws.lim/scratch/traces/STD-Format/account.std,HBEpoch,1.0,1.9,2.183269719175042,1.0,1,8,6,0.0,6.0,6,6
/home/users/nus/dws.lim/scratch/traces/STD-Format/xalan.std,HBEpoch,1.0,340.5,31.788362650504666,337.0,295,388,50,0.0,50.0,50,50
/home/users/nus/dws.lim/scratch/traces/misc/graphchi/graphchi_filter.std,UClockEpoch,1.0,96.8,18.82551460120015,97.5,67,122,85046,0.0,85046.0,85046,85046
/home/users/nus/dws.lim/scratch/traces/STD-Format/cryptorsa.std,UClockEpoch,1.0,398.6,57.827713463740245,412.0,305,489,93,0.0,93.0,93,93
/home/users/nus/dws.lim/scratch/traces/misc/tradesoap/tradesoap_filter.std,HBEpoch,1.0,1435.2,120.79532735628109,1427.5,1199,1628,6849,0.0,6849.0,6849,6849
/home/users/nus/dws.lim/scratch/traces/STD-Format/linkedlist.std,HBEpoch,1.0,548.3,51.59252745203407,547.5,458,657,28791,0.0,28791.0,28791,28791
/home/users/nus/dws.lim/scratch/traces/STD-Format/lufact.std,HBEpoch,1.0,282.6,44.9424323131517,285.5,214,350,864413,0.0,864413.0,864413,864413
/home/users/nus/dws.lim/scratch/traces/STD-Format/xalan.std,UClockEpoch,1.0,240.6,29.56048413375908,248.0,176,268,17,0.0,17.0,17,17
/home/users/nus/dws.lim/scratch/traces/STD-Format/cryptorsa.std,HBEpoch,1.0,553.5,64.3104449785051,550.5,471,655,93,0.0,93.0,93,93
/home/users/nus/dws.lim/scratch/traces/STD-Format/sor.std,HBEpoch,1.0,694.8,90.54747066839828,700.0,590,839,0,0.0,0.0,0,0
/home/users/nus/dws.lim/scratch/traces/misc/tradesoap/tradesoap_filter.std,UClockEpoch,1.0,371.6,26.052084582833505,371.5,334,417,720,0.0,720.0,720,720
/home/users/nus/dws.lim/scratch/traces/misc/biojava/biojava_filter.std,HBEpoch,1.0,9.3,4.347413023856832,8.0,4,17,2,0.0,2.0,2,2
/home/users/nus/dws.lim/scratch/traces/misc/biojava/biojava_filter.std,UClockEpoch,1.0,7.5,3.9510898637098992,7.0,2,15,2,0.0,2.0,2,2
/home/users/nus/dws.lim/scratch/traces/STD-Format/linkedlist.std,UClockEpoch,1.0,246.6,23.48143474700338,244.5,211,282,28791,0.0,28791.0,28791,28791
/home/users/nus/dws.lim/scratch/traces/misc/graphchi/graphchi_filter.std,HBEpoch,1.0,182.4,21.303103581924915,183.0,149,219,85046,0.0,85046.0,85046,85046
/home/users/nus/dws.lim/scratch/traces/STD-Format/lufact.std,UClockEpoch,1.0,161.5,24.923215415886183,156.5,127,205,360859,0.0,360859.0,360859,360859
/home/users/nus/dws.lim/scratch/traces/STD-Format/bufwriter.std,HBEpoch,1.0,31.2,6.4944420682440285,30.5,22,45,8,0.0,8.0,8,8
/home/users/nus/dws.lim/scratch/traces/STD-Format/lusearch.std,HBEpoch,1.0,297.7,33.5627107897374,293.5,250,343,406200,0.0,406200.0,406200,406200
/home/users/nus/dws.lim/scratch/traces/STD-Format/bufwriter.std,UClockEpoch,1.0,29.9,13.69874284580726,25.0,18,55,4,0.0,4.0,4,4
/home/users/nus/dws.lim/scratch/traces/OSR-data-race/Examples/twostage.std,HBEpoch,1.0,1.8,1.0327955589886446,1.5,1,4,4,0.0,4.0,4,4
/home/users/nus/dws.lim/scratch/traces/OSR-data-race/Examples/twostage.std,UClockEpoch,1.0,3.5,4.453463071962462,2.0,1,16,4,0.0,4.0,4,4
/home/users/nus/dws.lim/scratch/traces/OMPRacer/QuickSilver/133M_events_56_threads/traces_filter.std,HBEpoch,1.0,2426.7,78.17508838782624,2416.0,2311,2539,857961,0.0,857961.0,857961,857961
/home/users/nus/dws.lim/scratch/traces/STD-Format/sor.std,UClockEpoch,1.0,619.6,128.41183746057058,562.0,505,899,0,0.0,0.0,0,0
/home/users/nus/dws.lim/scratch/traces/STD-Format/pingpong.std,HBEpoch,1.0,1.1,0.7378647873726218,1.0,0,2,10,0.0,10.0,10,10
/home/users/nus/dws.lim/scratch/traces/STD-Format/pingpong.std,UClockEpoch,1.0,1.1,0.7378647873726218,1.0,0,2,10,0.0,10.0,10,10
/home/users/nus/dws.lim/scratch/traces/STD-Format/mergesort.std,HBEpoch,1.0,2.7,0.9486832980505138,3.0,1,4,4,0.0,4.0,4,4
/home/users/nus/dws.lim/scratch/traces/STD-Format/lusearch.std,UClockEpoch,1.0,130.8,22.46874372198954,142.0,101,157,406200,0.0,406200.0,406200,406200
/home/users/nus/dws.lim/scratch/traces/HPCBench/NPBS/DC.S/12M_events_56_threads/traces_filter.std,UClockEpoch,1.0,42,8.70504323813373,41.0,32,64,8078,0.0,8078.0,8078,8078
/home/users/nus/dws.lim/scratch/traces/HPCBench/NPBS/DC.S/12M_events_16_threads/traces_filter.std,HBEpoch,1.0,11.7,4.620004810002306,11.5,5,20,85,0.0,85.0,85,85
/home/users/nus/dws.lim/scratch/traces/STD-Format/ftpserver.std,HBEpoch,1.0,49.6,11.20714058089752,48.5,32,67,125,0.0,125.0,125,125
/home/users/nus/dws.lim/scratch/traces/HPCBench/NPBS/DC.S/12M_events_16_threads/traces_filter.std,UClockEpoch,1.0,7.6,3.565264521898917,7.0,2,14,85,0.0,85.0,85,85
/home/users/nus/dws.lim/scratch/traces/OMPRacer/QuickSilver/133M_events_56_threads/traces_filter.std,UClockEpoch,1.0,544.1,46.879159074748294,538.5,461,632,857961,0.0,857961.0,857961,857961
/home/users/nus/dws.lim/scratch/traces/CoMD/CoMD-omp-taskloop/251M_events_56_threads/traces_filter.std,UClockEpoch,1.0,2162,299.6731552875566,2170.5,1733,2698,13838,0.0,13838.0,13838,13838
/home/users/nus/dws.lim/scratch/traces/misc/hsqldb/hsqldb_filter.std,HBEpoch,1.0,904.5,98.15322488617251,890.0,757,1037,353,0.0,353.0,353,353
/home/users/nus/dws.lim/scratch/traces/misc/hsqldb/hsqldb_filter.std,UClockEpoch,1.0,404.1,42.605294402352285,412.0,338,454,209,0.0,209.0,209,209
/home/users/nus/dws.lim/scratch/traces/misc/tradebeans/tradebeans_filter.std,HBEpoch,1.0,1379.3,99.0544743506768,1390.0,1194,1544,6664,0.0,6664.0,6664,6664
/home/users/nus/dws.lim/scratch/traces/misc/tradebeans/tradebeans_filter.std,UClockEpoch,1.0,366,26.314339141320733,357.5,328,409,572,0.0,572.0,572,572
/home/users/nus/dws.lim/scratch/traces/OMPRacer/Lulesh/35M_events_16_threads/traces_valid_filter.std,HBEpoch,1.0,6982.7,456.5837029261752,6858.0,6473,7876,5571789,0.0,5571789.0,5571789,5571789
/home/users/nus/dws.lim/scratch/traces/STD-Format/tsp.std,HBEpoch,1.0,5749.4,501.5000166168159,5747.0,5068,6867,10370955,0.0,10370955.0,10370955,10370955
/home/users/nus/dws.lim/scratch/traces/OMPRacer/RSBench/1.2B_events_16_threads/traces_filter.std,UClockEpoch,1.0,5557.6,835.532591291992,5205.5,4431,6982,22,0.0,22.0,22,22
/home/users/nus/dws.lim/scratch/traces/SimpleMOC/170M_events_16_threads/traces_filter.std,HBEpoch,1.0,14180.4,1155.8336289353142,14076.0,12242,16266,26896,0.0,26896.0,26896,26896
/home/users/nus/dws.lim/scratch/traces/OMPRacer/Lulesh/35M_events_16_threads/traces_valid_filter.std,UClockEpoch,1.0,2593.5,165.77645590774745,2625.5,2306,2784,5571789,0.0,5571789.0,5571789,5571789
/home/users/nus/dws.lim/scratch/traces/STD-Format/tsp.std,UClockEpoch,1.0,2110.2,143.1330383477786,2083.0,1888,2350,10370955,0.0,10370955.0,10370955,10370955
/home/users/nus/dws.lim/scratch/traces/STD-Format/readerswriters.std,HBEpoch,1.0,28.3,5.4984846397287805,27.0,22,41,166,0.0,166.0,166,166
/home/users/nus/dws.lim/scratch/traces/STD-Format/readerswriters.std,UClockEpoch,1.0,29.4,10.500793620801556,27.0,20,54,166,0.0,166.0,166,166
/home/users/nus/dws.lim/scratch/traces/HPCBench/OmpSCR_v2.0/c_fft6/146M_events_56_threads/traces_filter.std,HBEpoch,1.0,25.4,7.0898989179442236,24.0,18,42,74,0.0,74.0,74,74
/home/users/nus/dws.lim/scratch/traces/HPCBench/OmpSCR_v2.0/c_fft6/146M_events_56_threads/traces_filter.std,UClockEpoch,1.0,21.8,5.493430419854044,21.0,14,35,74,0.0,74.0,74,74
/home/users/nus/dws.lim/scratch/traces/HPCBench/OmpSCR_v2.0/c_fft6/146M_events_16_threads/traces_filter.std,HBEpoch,1.0,9.9,3.212821536005731,9.0,6,17,30,0.0,30.0,30,30
/home/users/nus/dws.lim/scratch/traces/HPCBench/OmpSCR_v2.0/c_fft6/146M_events_16_threads/traces_filter.std,UClockEpoch,1.0,7.5,1.2692955176439846,8.0,5,9,30,0.0,30.0,30,30
/home/users/nus/dws.lim/scratch/traces/SimpleMOC/170M_events_16_threads/traces_filter.std,UClockEpoch,1.0,8574.5,891.0499736577941,8423.5,7775,10937,26895,0.0,26895.0,26895,26895
/home/users/nus/dws.lim/scratch/traces/HPCBench/NPBS/DC.S/12M_events_56_threads/traces_filter.std,HBEpoch,1.0,74.8,8.323994767471259,73.5,61,91,8147,0.0,8147.0,8147,8147
/home/users/nus/dws.lim/scratch/traces/OMPRacer/Kripke/117M_events_16_threads/traces_filter.std,HBEpoch,1.0,13114,842.317042448982,13005.0,12035,14484,7070304,0.0,7070304.0,7070304,7070304
/home/users/nus/dws.lim/scratch/traces/OMPRacer/miniFE/208M_events_18_threads/traces_filter.std,HBEpoch,1.0,32270.9,1574.9094118569346,32141.0,29982,34739,14460971,0.0,14460971.0,14460971,14460971
/home/users/nus/dws.lim/scratch/traces/OMPRacer/RSBench/1.2B_events_56_threads/traces_filter.std,HBEpoch,1.0,38946.6,2068.834841160599,39376.5,35811,42171,95,0.0,95.0,95,95
/home/users/nus/dws.lim/scratch/traces/OMPRacer/Kripke/117M_events_16_threads/traces_filter.std,UClockEpoch,1.0,6150.6,568.959322896735,5898.5,5608,7434,2782167,0.0,2782167.0,2782167,2782167
/home/users/nus/dws.lim/scratch/traces/misc/cassandra/cassandra_filter.std,HBEpoch,1.0,116406.6,3162.627501162777,116259.0,111293,120631,28059,0.0,28059.0,28059,28059
/home/users/nus/dws.lim/scratch/traces/HPCBench/NPBS/IS.W/153M_events_16_threads/traces_filter.std,HBEpoch,1.0,30476.3,1489.4262914886986,30826.5,27547,32198,29566157,0.0,29566157.0,29566157,29566157
/home/users/nus/dws.lim/scratch/traces/OMPRacer/miniFE/207M_events_58_threads/traces_filter.std,UClockEpoch,1.0,26216,1557.5454336159116,26196.0,23620,28360,28562189,0.0,28562189.0,28562189,28562189
/home/users/nus/dws.lim/scratch/traces/OMPRacer/XSBench/97M_events_16_threads/traces_filter.std,HBEpoch,1.0,454.3,86.79100055753348,416.5,333,579,27,0.0,27.0,27,27
/home/users/nus/dws.lim/scratch/traces/OMPRacer/XSBench/97M_events_16_threads/traces_filter.std,UClockEpoch,1.0,191,57.14503964086083,164.5,146,314,27,0.0,27.0,27,27
/home/users/nus/dws.lim/scratch/traces/OMPRacer/XSBench/97M_events_56_threads/traces_filter.std,HBEpoch,1.0,1013.4,186.14820857466117,904.5,876,1349,89,0.0,89.0,89,89
/home/users/nus/dws.lim/scratch/traces/OMPRacer/XSBench/97M_events_56_threads/traces_filter.std,UClockEpoch,1.0,207,26.54555832275273,212.0,160,241,89,0.0,89.0,89,89
/home/users/nus/dws.lim/scratch/traces/OMPRacer/RSBench/1.2B_events_56_threads/traces_filter.std,UClockEpoch,1.0,7534.5,916.3147506300563,7445.5,6307,9239,95,0.0,95.0,95,95
/home/users/nus/dws.lim/scratch/traces/OMPRacer/amg2013/190M_events_58_threads/traces_filter.std,HBEpoch,1.0,79410.3,1991.7019550569753,78692.0,76888,82872,23262143,0.0,23262143.0,23262143,23262143
/home/users/nus/dws.lim/scratch/traces/HPCBench/OmpSCR_v2.0/c_LUreduction/137M_events_56_threads/traces_filter.std,UClockEpoch,1.0,12769,563.9091731436505,12654.5,12154,13930,37994765,0.0,37994765.0,37994765,37994765
/home/users/nus/dws.lim/scratch/traces/misc/cassandra/cassandra_filter.std,UClockEpoch,1.0,23205.5,921.8722796570032,23257.0,21793,24785,24118,0.0,24118.0,24118,24118
/home/users/nus/dws.lim/scratch/traces/OMPRacer/RSBench/1.2B_events_16_threads/traces_filter.std,HBEpoch,1.0,14495.7,1066.8497811573827,14344.0,13101,16424,22,0.0,22.0,22,22
/home/users/nus/dws.lim/scratch/traces/OMPRacer/miniFE/208M_events_18_threads/traces_filter.std,UClockEpoch,1.0,13670.3,1224.3249432510418,13363.0,11689,16282,14460971,0.0,14460971.0,14460971,14460971
/home/users/nus/dws.lim/scratch/traces/HPCBench/OmpSCR_v2.0/c_testPath/37M_events_56_threads/traces_filter.std,UClockEpoch,1.0,6323.8,360.3371260978314,6199.0,5837,6952,170,0.0,170.0,170,170
/home/users/nus/dws.lim/scratch/traces/misc/zxing/zxing_filter.std,HBEpoch,1.0,10156.1,991.1727565532324,9978.5,8638,12182,3545911,0.0,3545911.0,3545911,3545911
/home/users/nus/dws.lim/scratch/traces/OMPRacer/Kripke/119M_events_56_threads/traces_filter.std,HBEpoch,1.0,52260.9,1943.1919016573393,52152.0,49373,54718,9037674,0.0,9037674.0,9037674,9037674
/home/users/nus/dws.lim/scratch/traces/HPCBench/OmpSCR_v2.0/c_LUreduction/137M_events_56_threads/traces_filter.std,HBEpoch,1.0,65966,1381.1796085633146,65928.5,64062,68471,37994765,0.0,37994765.0,37994765,37994765
/home/users/nus/dws.lim/scratch/traces/HPCBench/NPBS/IS.W/153M_events_16_threads/traces_filter.std,UClockEpoch,1.0,10349.7,694.6855483678289,10524.5,9175,11244,29566157,0.0,29566157.0,29566157,29566157
/home/users/nus/dws.lim/scratch/traces/HPCBench/OmpSCR_v2.0/cpp_sortOpenMP/cpp_qsomp4/114M_events_56_threads/traces_filter.std,HBEpoch,1.0,11021.8,454.18469077384515,10942.0,10421,11968,463503,0.0,463503.0,463503,463503
/home/users/nus/dws.lim/scratch/traces/HPCBench/OmpSCR_v2.0/c_QuickSort/134M_events_56_threads/traces_filter.std,HBEpoch,1.0,53296.2,2107.001650582067,53211.5,50253,56531,482940,0.0,482940.0,482940,482940
/home/users/nus/dws.lim/scratch/traces/misc/zxing/zxing_filter.std,UClockEpoch,1.0,3699.5,544.222840388016,3567.5,2969,4982,3545911,0.0,3545911.0,3545911,3545911
/home/users/nus/dws.lim/scratch/traces/HPCBench/OmpSCR_v2.0/cpp_sortOpenMP/cpp_qsomp1/107M_events_56_threads/traces_filter.std,UClockEpoch,1.0,812.1,53.94328297181937,809.5,732,905,55,0.0,55.0,55,55
/home/users/nus/dws.lim/scratch/traces/HPCBench/OmpSCR_v2.0/cpp_sortOpenMP/cpp_qsomp1/107M_events_16_threads/traces_filter.std,HBEpoch,1.0,487,15.748015748023622,482.0,465,514,47,0.0,47.0,47,47
/home/users/nus/dws.lim/scratch/traces/HPCBench/OmpSCR_v2.0/cpp_sortOpenMP/cpp_qsomp1/107M_events_16_threads/traces_filter.std,UClockEpoch,1.0,414.9,59.83950757373148,396.5,349,548,16,0.0,16.0,16,16
/home/users/nus/dws.lim/scratch/traces/HPCBench/OmpSCR_v2.0/cpp_sortOpenMP/cpp_qsomp6/107M_events_56_threads/traces_filter.std,HBEpoch,1.0,921.8,110.28528661813615,914.5,789,1178,193,0.0,193.0,193,193
/home/users/nus/dws.lim/scratch/traces/HPCBench/OmpSCR_v2.0/cpp_sortOpenMP/cpp_qsomp6/107M_events_56_threads/traces_filter.std,UClockEpoch,1.0,661.5,61.512871281816565,657.5,579,767,61,0.0,61.0,61,61
/home/users/nus/dws.lim/scratch/traces/HPCBench/OmpSCR_v2.0/cpp_sortOpenMP/cpp_qsomp4/114M_events_56_threads/traces_filter.std,UClockEpoch,1.0,7702,274.9864643133468,7718.5,7218,8089,323328,0.0,323328.0,323328,323328
/home/users/nus/dws.lim/scratch/traces/OMPRacer/amg2013/190M_events_58_threads/traces_filter.std,UClockEpoch,1.0,15656.7,946.983990243646,15617.0,14051,17149,23262143,0.0,23262143.0,23262143,23262143
/home/users/nus/dws.lim/scratch/traces/CoMD/CoMD-omp-task/174M_events_16_threads/traces_filter.std,UClockEpoch,1.0,22060.1,1552.0278813360424,21830.5,19656,24269,101972498,0.0,101972498.0,101972498,101972498
/home/users/nus/dws.lim/scratch/traces/HPCBench/OmpSCR_v2.0/c_MolecularDynamic/204M_events_56_threads/traces_filter.std,UClockEpoch,1.0,19620,1009.1239324835732,19313.5,18420,21876,87232928,0.0,87232928.0,87232928,87232928
/home/users/nus/dws.lim/scratch/traces/OMPRacer/Kripke/119M_events_56_threads/traces_filter.std,UClockEpoch,1.0,12456.4,720.1092818300413,12630.0,11333,13457,9037674,0.0,9037674.0,9037674,9037674
/home/users/nus/dws.lim/scratch/traces/HPCBench/OmpSCR_v2.0/cpp_sortOpenMP/cpp_qsomp3/142M_events_16_threads/traces_filter.std,HBEpoch,1.0,9459.7,991.6065584024072,9253.0,8597,12013,16,0.0,16.0,16,16
/home/users/nus/dws.lim/scratch/traces/HPCBench/OmpSCR_v2.0/cpp_sortOpenMP/cpp_qsomp4/164M_events_16_threads/traces_filter.std,HBEpoch,1.0,10988.6,445.930039355951,11045.0,10197,11670,25199,0.0,25199.0,25199,25199
/home/users/nus/dws.lim/scratch/traces/CoMD/CoMD-openmp/174M_events_16_threads/traces_filter.std,HBEpoch,1.0,64911.9,2244.0611226573624,64626.5,61416,67785,97726841,0.0,97726841.0,97726841,97726841
/home/users/nus/dws.lim/scratch/traces/HPCBench/OmpSCR_v2.0/c_QuickSort/134M_events_56_threads/traces_filter.std,UClockEpoch,1.0,8654.8,881.2596792218638,8616.5,7606,10014,482940,0.0,482940.0,482940,482940
/home/users/nus/dws.lim/scratch/traces/HPCBench/OmpSCR_v2.0/c_LUreduction/136M_events_16_threads/traces_filter.std,HBEpoch,1.0,28920.6,1351.2543308595414,29060.0,26874,30864,42186266,0.0,42186266.0,42186266,42186266
/home/users/nus/dws.lim/scratch/traces/HPCBench/OmpSCR_v2.0/cpp_sortOpenMP/cpp_qsomp3/142M_events_16_threads/traces_filter.std,UClockEpoch,1.0,8745.5,515.024109468026,8766.5,8014,9566,15,0.0,15.0,15,15
/home/users/nus/dws.lim/scratch/traces/HPCBench/OmpSCR_v2.0/c_testPath/30M_events_16_threads/traces_filter.std,HBEpoch,1.0,3932.1,504.1521926296992,3737.5,3427,4711,182,0.0,182.0,182,182
/home/users/nus/dws.lim/scratch/traces/HPCBench/OmpSCR_v2.0/cpp_sortOpenMP/cpp_qsomp4/164M_events_16_threads/traces_filter.std,UClockEpoch,1.0,8643.1,548.5784558495004,8610.5,7936,9755,4771,0.0,4771.0,4771,4771
/home/users/nus/dws.lim/scratch/traces/HPCBench/OmpSCR_v2.0/cpp_sortOpenMP/cpp_qsomp3/115M_events_56_threads/traces_filter.std,HBEpoch,1.0,6622.4,312.347456101908,6594.5,6165,7161,56,0.0,56.0,56,56
/home/users/nus/dws.lim/scratch/traces/HPCBench/OmpSCR_v2.0/cpp_sortOpenMP/cpp_qsomp1/107M_events_56_threads/traces_filter.std,HBEpoch,1.0,993.3,61.68567274677502,991.5,902,1084,177,0.0,177.0,177,177
/home/users/nus/dws.lim/scratch/traces/HPCBench/OmpSCR_v2.0/cpp_sortOpenMP/cpp_qsomp2/107M_events_56_threads/traces_filter.std,HBEpoch,1.0,1105.4,67.4441332593956,1087.0,1034,1248,199,0.0,199.0,199,199
/home/users/nus/dws.lim/scratch/traces/HPCBench/OmpSCR_v2.0/c_testPath/30M_events_16_threads/traces_filter.std,UClockEpoch,1.0,1707.3,148.891496660413,1732.0,1483,1903,15,0.0,15.0,15,15
/home/users/nus/dws.lim/scratch/traces/HPCBench/OmpSCR_v2.0/cpp_sortOpenMP/cpp_qsomp2/107M_events_56_threads/traces_filter.std,UClockEpoch,1.0,901.4,86.09839332608556,891.0,781,1061,59,0.0,59.0,59,59
/home/users/nus/dws.lim/scratch/traces/HPCBench/OmpSCR_v2.0/cpp_sortOpenMP/cpp_qsomp3/115M_events_56_threads/traces_filter.std,UClockEpoch,1.0,5799.6,602.5758043599162,5652.0,5268,7241,55,0.0,55.0,55,55
/home/users/nus/dws.lim/scratch/traces/OMPRacer/Lulesh/569M_events_56_threads/traces_valid_filter.std,UClockEpoch,1.0,48793.1,1900.8783612962836,48792.5,46156,52085,103904966,0.0,103904966.0,103904966,103904966
/home/users/nus/dws.lim/scratch/traces/HPCBench/OmpSCR_v2.0/c_testPath/37M_events_56_threads/traces_filter.std,HBEpoch,1.0,14403.9,1237.3740519521348,14195.0,12476,16757,285,0.0,285.0,285,285
/home/users/nus/dws.lim/scratch/traces/OMPRacer/amg2013/170M_events_18_threads/traces_filter.std,HBEpoch,1.0,24734.7,1023.7506261021013,24819.5,23148,26386,19993253,0.0,19993253.0,19993253,19993253
/home/users/nus/dws.lim/scratch/traces/CoMD/CoMD-omp-task-deps/175M_events_56_threads/traces_filter.std,HBEpoch,1.0,159165.9,4357.3730478096295,158873.5,153958,168072,101973938,0.0,101973938.0,101973938,101973938
/home/users/nus/dws.lim/scratch/traces/HPCBench/OmpSCR_v2.0/cpp_sortOpenMP/cpp_qsomp7/89M_events_16_threads/traces_filter.std,UClockEpoch,1.0,7533,689.415855795486,7666.5,6099,8576,42745525,0.0,42745525.0,42745525,42745525
/home/users/nus/dws.lim/scratch/traces/OMPRacer/Lulesh/52M_events_56_threads/traces_filter.std,HBEpoch,1.0,19554.4,1004.2831827284131,19624.5,18160,21028,8069928,0.0,8069928.0,8069928,8069928
/home/users/nus/dws.lim/scratch/traces/HPCBench/OmpSCR_v2.0/c_Mandelbrot/116M_events_16_threads/traces_filter.std,HBEpoch,1.0,54847,3203.935149850016,53692.5,50424,60760,26,0.0,26.0,26,26
/home/users/nus/dws.lim/scratch/traces/OMPRacer/miniFE/207M_events_58_threads/traces_filter.std,HBEpoch,1.0,100596.7,2923.6457092700775,99960.0,96684,105911,28562189,0.0,28562189.0,28562189,28562189
/home/users/nus/dws.lim/scratch/traces/HPCBench/OmpSCR_v2.0/c_LUreduction/136M_events_16_threads/traces_filter.std,UClockEpoch,1.0,10613,520.5044561662165,10548.5,9750,11285,42186266,0.0,42186266.0,42186266,42186266
/home/users/nus/dws.lim/scratch/traces/OMPRacer/Lulesh/52M_events_56_threads/traces_filter.std,UClockEpoch,1.0,3713,288.05130715821366,3635.5,3421,4350,8069928,0.0,8069928.0,8069928,8069928
/home/users/nus/dws.lim/scratch/traces/OMPRacer/amg2013/170M_events_18_threads/traces_filter.std,UClockEpoch,1.0,8609.9,940.880846157826,8523.0,7390,10563,19993253,0.0,19993253.0,19993253,19993253
/home/users/nus/dws.lim/scratch/traces/HPCBench/OmpSCR_v2.0/cpp_sortOpenMP/cpp_qsomp7/89M_events_16_threads/traces_filter.std,HBEpoch,1.0,23053.7,1018.8127131344821,22783.0,21849,25267,42745525,0.0,42745525.0,42745525,42745525
/home/users/nus/dws.lim/scratch/traces/HPCBench/NPBS/IS.W/300M_events_56_threads/traces_filter.std,HBEpoch,1.0,205036.9,5399.358777772701,204833.5,194551,214130,93737426,0.0,93737426.0,93737426,93737426
/home/users/nus/dws.lim/scratch/traces/HPCBench/OmpSCR_v2.0/c_QuickSort/134M_events_16_threads/traces_filter.std,HBEpoch,1.0,22622.7,1364.3263742798333,22806.0,20695,24596,482900,0.0,482900.0,482900,482900
/home/users/nus/dws.lim/scratch/traces/HPCBench/OmpSCR_v2.0/c_Pi/150M_events_56_threads/traces_filter.std,HBEpoch,1.0,127498.6,7326.0251948485375,129239.0,114242,139109,91,0.0,91.0,91,91
/home/users/nus/dws.lim/scratch/traces/HPCBench/OmpSCR_v2.0/c_LoopsWithDependencies/c_loopA.solution1/193M_events_16_threads/traces_filter.std,UClockEpoch,1.0,26567.4,1516.9739029469895,26466.5,23997,28684,1644,0.0,1644.0,1644,1644
/home/users/nus/dws.lim/scratch/traces/HPCBench/OmpSCR_v2.0/c_MolecularDynamic/204M_events_16_threads/traces_filter.std,HBEpoch,1.0,63612.6,3085.428412536724,64036.0,58962,68124,83154132,0.0,83154132.0,83154132,83154132
/home/users/nus/dws.lim/scratch/traces/HPCBench/OmpSCR_v2.0/c_Mandelbrot/116M_events_16_threads/traces_filter.std,UClockEpoch,1.0,14917,1229.160146875364,14568.0,13263,16884,26,0.0,26.0,26,26
/home/users/nus/dws.lim/scratch/traces/HPCBench/OmpSCR_v2.0/c_QuickSort/134M_events_16_threads/traces_filter.std,UClockEpoch,1.0,8262.6,886.0916932738331,8150.0,7242,9636,482900,0.0,482900.0,482900,482900
/home/users/nus/dws.lim/scratch/traces/CoMD/CoMD-openmp/174M_events_16_threads/traces_filter.std,UClockEpoch,1.0,19250.2,1106.1510646280542,19007.0,17427,21060,97726841,0.0,97726841.0,97726841,97726841
/home/users/nus/dws.lim/scratch/traces/HPCBench/OmpSCR_v2.0/c_LoopsWithDependencies/c_loopA.badSolution/113M_events_16_threads/traces_filter.std,UClockEpoch,1.0,20176.1,1248.6756940410464,20159.0,18640,22252,1515,0.0,1515.0,1515,1515
/home/users/nus/dws.lim/scratch/traces/HPCBench/OmpSCR_v2.0/c_LoopsWithDependencies/c_loopA.solution3/96M_events_16_threads/traces_filter.std,HBEpoch,1.0,25938.5,2292.6302822546663,25392.0,23121,30984,1516,0.0,1516.0,1516,1516
/home/users/nus/dws.lim/scratch/traces/HPCBench/OmpSCR_v2.0/c_Pi/150M_events_56_threads/traces_filter.std,UClockEpoch,1.0,15680,1280.5295779481237,16197.5,13763,16900,91,0.0,91.0,91,91
/home/users/nus/dws.lim/scratch/traces/CoMD/CoMD-omp-task-deps/175M_events_56_threads/traces_filter.std,UClockEpoch,1.0,21422.7,1785.9440111915912,21362.0,18122,24509,101973938,0.0,101973938.0,101973938,101973938
/home/users/nus/dws.lim/scratch/traces/CoMD/CoMD-omp-taskloop/251M_events_16_threads/traces_filter.std,HBEpoch,1.0,1864,214.01557575715526,1787.0,1656,2407,7329,0.0,7329.0,7329,7329
/home/users/nus/dws.lim/scratch/traces/CoMD/CoMD-omp-taskloop/251M_events_16_threads/traces_filter.std,UClockEpoch,1.0,912.2,102.07491802048575,906.5,732,1081,7329,0.0,7329.0,7329,7329
/home/users/nus/dws.lim/scratch/traces/CoMD/CoMD-omp-task/175M_events_56_threads/traces_filter.std,HBEpoch,1.0,158771.7,3437.8041457367003,157876.0,154986,166363,101972498,0.0,101972498.0,101972498,101972498
/home/users/nus/dws.lim/scratch/traces/HPCBench/OmpSCR_v2.0/c_LoopsWithDependencies/c_loopB.badSolution1/113M_events_16_threads/traces_filter.std,HBEpoch,1.0,53130.3,2975.3622393845685,53560.5,49030,57613,1515,0.0,1515.0,1515,1515
/home/users/nus/dws.lim/scratch/traces/CoMD/CoMD-omp-taskloop/251M_events_56_threads/traces_filter.std,HBEpoch,1.0,7626.5,771.8644454968905,7310.0,6714,9332,13843,0.0,13843.0,13843,13843
/home/users/nus/dws.lim/scratch/traces/HPCBench/OmpSCR_v2.0/c_LoopsWithDependencies/c_loopA.solution3/96M_events_16_threads/traces_filter.std,UClockEpoch,1.0,7716.8,694.9188281934645,7536.5,7010,9254,1516,0.0,1516.0,1516,1516
/home/users/nus/dws.lim/scratch/traces/OMPRacer/Lulesh/543M_events_16_threads/traces_valid_filter.std,HBEpoch,1.0,79795.8,2576.3696163400155,79696.5,76453,83993,89133255,0.0,89133255.0,89133255,89133255
/home/users/nus/dws.lim/scratch/traces/HPCBench/OmpSCR_v2.0/c_MolecularDynamic/204M_events_16_threads/traces_filter.std,UClockEpoch,1.0,17627.3,1386.6392665562141,17028.5,16096,20394,83154132,0.0,83154132.0,83154132,83154132
/home/users/nus/dws.lim/scratch/traces/HPCBench/NPBS/IS.W/300M_events_56_threads/traces_filter.std,UClockEpoch,1.0,46505.8,3549.6453594377253,45305.0,42114,54465,93737426,0.0,93737426.0,93737426,93737426
/home/users/nus/dws.lim/scratch/traces/HPCBench/OmpSCR_v2.0/c_LoopsWithDependencies/c_loopA.solution2/337M_events_56_threads/traces_filter.std,HBEpoch,1.0,223046.6,7120.590178411399,223610.0,211328,235565,5563,0.0,5563.0,5563,5563
/home/users/nus/dws.lim/scratch/traces/HPCBench/OmpSCR_v2.0/c_LoopsWithDependencies/c_loopB.badSolution1/113M_events_16_threads/traces_filter.std,UClockEpoch,1.0,21131.5,2045.438244267255,21609.0,18459,24173,1515,0.0,1515.0,1515,1515
/home/users/nus/dws.lim/scratch/traces/HPCBench/OmpSCR_v2.0/c_Pi/150M_events_16_threads/traces_filter.std,HBEpoch,1.0,51480,4184.18918204126,53275.0,43471,55381,27,0.0,27.0,27,27
/home/users/nus/dws.lim/scratch/traces/HPCBench/OmpSCR_v2.0/c_fft/496M_events_56_threads/c_fft_n=1024_t56_traces_valid_filter.std,UClockEpoch,1.0,27038.8,2503.194350336297,26828.5,24554,32651,1554253,0.0,1554253.0,1554253,1554253
/home/users/nus/dws.lim/scratch/traces/HPCBench/OmpSCR_v2.0/c_Mandelbrot/116M_events_56_threads/traces_filter.std,HBEpoch,1.0,145479.1,5393.701026815137,146027.0,134448,153091,87,0.0,87.0,87,87
/home/users/nus/dws.lim/scratch/traces/HPCBench/OmpSCR_v2.0/cpp_sortOpenMP/cpp_qsomp7/296M_events_56_threads/traces_filter.std,HBEpoch,1.0,200588.7,6403.300139598157,200054.5,190251,213844,146486578,0.0,146486578.0,146486578,146486578
/home/users/nus/dws.lim/scratch/traces/CoMD/CoMD-omp-task/175M_events_56_threads/traces_filter.std,UClockEpoch,1.0,22670.4,1772.1573293587678,22313.5,19716,25030,101972498,0.0,101972498.0,101972498,101972498
/home/users/nus/dws.lim/scratch/traces/HPCBench/HPCCG/228M_events_16_threads/traces_filter.std,HBEpoch,1.0,34168,3254.094002603148,33790.5,30491,39298,25973649,0.0,25973649.0,25973649,25973649
/home/users/nus/dws.lim/scratch/traces/CoMD/CoMD-openmp/175M_events_56_threads/traces_filter.std,HBEpoch,1.0,161103,5823.334153787388,160328.5,152350,168889,101972274,0.0,101972274.0,101972274,101972274
/home/users/nus/dws.lim/scratch/traces/HPCBench/OmpSCR_v2.0/c_Pi/150M_events_16_threads/traces_filter.std,UClockEpoch,1.0,14895.2,1733.7007815652619,14964.0,12819,18478,27,0.0,27.0,27,27
/home/users/nus/dws.lim/scratch/traces/OMPRacer/Lulesh/569M_events_56_threads/traces_valid_filter.std,HBEpoch,1.0,234219.8,9178.114352450979,231270.5,224374,250749,103904966,0.0,103904966.0,103904966,103904966
/home/users/nus/dws.lim/scratch/traces/HPCBench/OmpSCR_v2.0/c_fft/496M_events_16_threads/traces_valid_filter.std,HBEpoch,1.0,56479.4,2204.040037950511,55865.5,54567,61482,1507361,0.0,1507361.0,1507361,1507361
/home/users/nus/dws.lim/scratch/traces/HPCBench/OmpSCR_v2.0/c_Mandelbrot/116M_events_56_threads/traces_filter.std,UClockEpoch,1.0,18484.3,1792.8522310057297,18505.0,15608,21427,87,0.0,87.0,87,87
/home/users/nus/dws.lim/scratch/traces/DRACC/DRACC_OMP_011_Counter_wrong_critical_Inter_yes/135M_events_16_threads/traces_filter.std,UClockEpoch,1.0,5.9,1.911950719959998,6.5,2,8,15,0.0,15.0,15,15
/home/users/nus/dws.lim/scratch/traces/DRACC/DRACC_OMP_014_Counter_wrong_critical_simd_Inter_yes/105M_events_16_threads/traces_filter.std,HBEpoch,1.0,7.7,2.1628170930011112,7.5,5,12,15,0.0,15.0,15,15
/home/users/nus/dws.lim/scratch/traces/DRACC/DRACC_OMP_014_Counter_wrong_critical_simd_Inter_yes/105M_events_16_threads/traces_filter.std,UClockEpoch,1.0,7.1,2.923088169119167,7.0,4,14,15,0.0,15.0,15,15
/home/users/nus/dws.lim/scratch/traces/OMPRacer/Lulesh/543M_events_16_threads/traces_valid_filter.std,UClockEpoch,1.0,30490.7,1974.9390454728807,30720.0,27504,34566,89133255,0.0,89133255.0,89133255,89133255
/home/users/nus/dws.lim/scratch/traces/HPCBench/OmpSCR_v2.0/c_LoopsWithDependencies/c_loopA.solution2/337M_events_56_threads/traces_filter.std,UClockEpoch,1.0,30290.3,2084.6691743935453,30852.0,26361,32658,5563,0.0,5563.0,5563,5563
/home/users/nus/dws.lim/scratch/traces/HPCBench/HPCCG/228M_events_16_threads/traces_filter.std,UClockEpoch,1.0,12180.7,1186.9843254604878,11746.0,10917,14535,25973649,0.0,25973649.0,25973649,25973649
/home/users/nus/dws.lim/scratch/traces/HPCBench/OmpSCR_v2.0/c_fft/496M_events_16_threads/traces_valid_filter.std,UClockEpoch,1.0,26046.1,782.8059856127259,26040.5,24661,27449,1507361,0.0,1507361.0,1507361,1507361
/home/users/nus/dws.lim/scratch/traces/DRACC/DRACC_OMP_016_Counter_wrong_lock_Intra_yes/135M_events_16_threads/traces_filter.std,HBEpoch,1.0,47998.4,4186.021027711691,46932.0,43057,56798,5354982,0.0,5354982.0,5354982,5354982
/home/users/nus/dws.lim/scratch/traces/HPCBench/graph500/172M_events_56_threads/traces_filter.std,UClockEpoch,1.0,25645.7,1024.8594537789072,25558.5,24339,27720,57172781,0.0,57172781.0,57172781,57172781
/home/users/nus/dws.lim/scratch/traces/DRACC/DRACC_OMP_017_Counter_wrong_lock_Inter_yes/27M_events_16_threads/traces_filter.std,HBEpoch,1.0,6.4,1.837873166945363,6.0,4,10,15,0.0,15.0,15,15
/home/users/nus/dws.lim/scratch/traces/DRACC/DRACC_OMP_017_Counter_wrong_lock_Inter_yes/27M_events_16_threads/traces_filter.std,UClockEpoch,1.0,5.6,1.6465452046971292,6.0,3,8,15,0.0,15.0,15,15
/home/users/nus/dws.lim/scratch/traces/DRACC/DRACC_OMP_017_Counter_wrong_lock_Inter_yes/135M_events_16_threads/traces_filter.std,HBEpoch,1.0,7.2,1.8135294011647258,7.5,3,10,15,0.0,15.0,15,15
/home/users/nus/dws.lim/scratch/traces/DRACC/DRACC_OMP_017_Counter_wrong_lock_Inter_yes/135M_events_16_threads/traces_filter.std,UClockEpoch,1.0,6.6,1.6465452046971292,6.5,4,10,15,0.0,15.0,15,15
/home/users/nus/dws.lim/scratch/traces/HPCBench/OmpSCR_v2.0/c_LoopsWithDependencies/c_loopA.solution2/96M_events_16_threads/traces_filter.std,HBEpoch,1.0,26911.6,1794.8345141915825,27241.5,24469,29859,1516,0.0,1516.0,1516,1516
/home/users/nus/dws.lim/scratch/traces/HPCBench/OmpSCR_v2.0/c_MolecularDynamic/204M_events_56_threads/traces_filter.std,HBEpoch,1.0,165581.9,7213.623645575087,164480.5,153067,176245,87232928,0.0,87232928.0,87232928,87232928
/home/users/nus/dws.lim/scratch/traces/DRACC/DRACC_OMP_009_Counter_wrong_critical_yes/135M_events_16_threads/traces_filter.std,HBEpoch,1.0,46488,2627.068624066672,46935.0,42795,51558,5326171,0.0,5326171.0,5326171,5326171
/home/users/nus/dws.lim/scratch/traces/HPCBench/OmpSCR_v2.0/c_LoopsWithDependencies/c_loopA.solution1/674M_events_56_threads/traces_filter.std,HBEpoch,1.0,500613.4,16940.42748509546,500250.0,472670,534557,4653,0.0,4653.0,4653,4653
/home/users/nus/dws.lim/scratch/traces/HPCBench/OmpSCR_v2.0/c_LoopsWithDependencies/c_loopA.solution2/96M_events_16_threads/traces_filter.std,UClockEpoch,1.0,8645.3,1012.3374547166682,8624.0,7196,10329,1516,0.0,1516.0,1516,1516
/home/users/nus/dws.lim/scratch/traces/CoMD/CoMD-openmp/175M_events_56_threads/traces_filter.std,UClockEpoch,1.0,23117.2,1538.46567144744,22636.0,21457,26242,101972274,0.0,101972274.0,101972274,101972274
/home/users/nus/dws.lim/scratch/traces/CoMD/CoMD-omp-task-deps/174M_events_16_threads/traces_filter.std,HBEpoch,1.0,66183.6,3455.971681982748,64832.5,63447,73858,97726557,0.0,97726557.0,97726557,97726557
/home/users/nus/dws.lim/scratch/traces/DRACC/DRACC_OMP_018_Counter_wrong_lock_simd_yes/105M_events_16_threads/traces_filter.std,HBEpoch,1.0,60334.4,3488.248149939387,59433.5,56632,66254,93914539,0.0,93914539.0,93914539,93914539
/home/users/nus/dws.lim/scratch/traces/DRACC/DRACC_OMP_016_Counter_wrong_lock_Intra_yes/135M_events_16_threads/traces_filter.std,UClockEpoch,1.0,45784.7,3200.292384211862,46905.0,40649,50989,23,0.0,23.0,23,23
/home/users/nus/dws.lim/scratch/traces/HPCBench/OmpSCR_v2.0/cpp_sortOpenMP/cpp_qsomp7/296M_events_56_threads/traces_filter.std,UClockEpoch,1.0,30323.5,1857.3088207284095,29966.5,27951,33133,146486578,0.0,146486578.0,146486578,146486578
/home/users/nus/dws.lim/scratch/traces/HPCBench/OmpSCR_v2.0/cpp_sortOpenMP/cpp_qsomp2/108M_events_16_threads/traces_filter.std,HBEpoch,1.0,643.5,144.62460986214543,599.5,532,1012,48,0.0,48.0,48,48
/home/users/nus/dws.lim/scratch/traces/HPCBench/OmpSCR_v2.0/cpp_sortOpenMP/cpp_qsomp2/108M_events_16_threads/traces_filter.std,UClockEpoch,1.0,559.1,98.78534529192297,512.5,460,743,16,0.0,16.0,16,16
/home/users/nus/dws.lim/scratch/traces/HPCBench/graph500/171M_events_16_threads/traces_filter.std,HBEpoch,1.0,54765.9,2349.724780574194,54747.0,51306,58613,57873256,0.0,57873256.0,57873256,57873256
/home/users/nus/dws.lim/scratch/traces/DRACC/DRACC_OMP_019_Counter_wrong_lock_simd_Intra_yes/105M_events_16_threads/traces_filter.std,UClockEpoch,1.0,15709.3,1313.2470403122518,15528.0,13992,18210,1039,0.0,1039.0,1039,1039
/home/users/nus/dws.lim/scratch/traces/DRACC/DRACC_OMP_009_Counter_wrong_critical_yes/135M_events_16_threads/traces_filter.std,UClockEpoch,1.0,46737.3,3046.671555430067,46069.5,41802,53475,18,0.0,18.0,18,18
/home/users/nus/dws.lim/scratch/traces/DRACC/DRACC_OMP_015_Counter_wrong_lock_yes/135M_events_16_threads/traces_filter.std,HBEpoch,1.0,50349.8,2384.7559763352447,50551.5,45733,54309,5138864,0.0,5138864.0,5138864,5138864
/home/users/nus/dws.lim/scratch/traces/HPCBench/HPCCG/230M_events_56_threads/traces_filter.std,HBEpoch,1.0,126173,5205.465952033283,126055.0,118590,135730,47520920,0.0,47520920.0,47520920,47520920
/home/users/nus/dws.lim/scratch/traces/HPCBench/OmpSCR_v2.0/c_LoopsWithDependencies/c_loopA.badSolution/113M_events_16_threads/traces_filter.std,HBEpoch,1.0,57633.1,1532.1905487822908,57143.0,55483,59825,1515,0.0,1515.0,1515,1515
/home/users/nus/dws.lim/scratch/traces/DRACC/DRACC_OMP_018_Counter_wrong_lock_simd_yes/105M_events_16_threads/traces_filter.std,UClockEpoch,1.0,15063.3,873.9823351888883,14790.5,14108,16373,1039,0.0,1039.0,1039,1039
/home/users/nus/dws.lim/scratch/traces/HPCBench/OmpSCR_v2.0/c_LoopsWithDependencies/c_loopA.badSolution/394M_events_56_threads/traces_filter.std,HBEpoch,1.0,485510,18637.915965996723,485767.0,462925,518685,5563,0.0,5563.0,5563,5563
/home/users/nus/dws.lim/scratch/traces/DRACC/DRACC_OMP_010_Counter_wrong_critical_Intra_yes/135M_events_16_threads/traces_filter.std,HBEpoch,1.0,48373.5,1053.3907421064396,48343.0,46727,50159,5228512,0.0,5228512.0,5228512,5228512
/home/users/nus/dws.lim/scratch/traces/DRACC/DRACC_OMP_015_Counter_wrong_lock_yes/135M_events_16_threads/traces_filter.std,UClockEpoch,1.0,44018,1848.2118685667806,44674.0,39434,45599,17,0.0,17.0,17,17
/home/users/nus/dws.lim/scratch/traces/HPCBench/graph500/171M_events_16_threads/traces_filter.std,UClockEpoch,1.0,21017.7,975.7152419293927,20990.5,19435,22863,57873256,0.0,57873256.0,57873256,57873256
/home/users/nus/dws.lim/scratch/traces/CoMD/CoMD-omp-task-deps/174M_events_16_threads/traces_filter.std,UClockEpoch,1.0,21430.1,1426.3713440444292,21582.0,19210,24248,97726557,0.0,97726557.0,97726557,97726557
/home/users/nus/dws.lim/scratch/traces/HPCBench/HPCCG/230M_events_56_threads/traces_filter.std,UClockEpoch,1.0,19610.4,1382.7138532610427,19906.5,17324,21547,47520920,0.0,47520920.0,47520920,47520920
/home/users/nus/dws.lim/scratch/traces/DRACC/DRACC_OMP_013_Counter_wrong_critical_simd_Intra_yes/105M_events_16_threads/traces_filter.std,HBEpoch,1.0,58031.8,2073.1194316241836,58079.0,54679,60510,96043907,0.0,96043907.0,96043907,96043907
/home/users/nus/dws.lim/scratch/traces/DRACC/DRACC_OMP_010_Counter_wrong_critical_Intra_yes/135M_events_16_threads/traces_filter.std,UClockEpoch,1.0,43642.9,1516.9852742272162,43749.0,41646,46869,18,0.0,18.0,18,18
/home/users/nus/dws.lim/scratch/traces/CoMD/CoMD-omp-task/174M_events_16_threads/traces_filter.std,HBEpoch,1.0,168387.3,7270.921446266476,168885.0,156555,177799,101972498,0.0,101972498.0,101972498,101972498
/home/users/nus/dws.lim/scratch/traces/HPCBench/OmpSCR_v2.0/c_LoopsWithDependencies/c_loopB.badSolution1/394M_events_56_threads/traces_filter.std,HBEpoch,1.0,497720.8,28483.50555750546,493791.5,465865,560163,5558,0.0,5558.0,5558,5558
/home/users/nus/dws.lim/scratch/traces/DRACC/DRACC_OMP_012_Counter_wrong_critical_simd_yes/105M_events_16_threads/traces_filter.std,HBEpoch,1.0,55950.1,2153.5007391067534,55907.5,52882,59138,95615979,0.0,95615979.0,95615979,95615979
/home/users/nus/dws.lim/scratch/traces/HPCBench/OmpSCR_v2.0/c_fft/2.1B_events_56_threads/traces_valid_filter.std,HBEpoch,1.0,561723.9,22562.439404412322,567648.5,524008,592190,5767279,0.0,5767279.0,5767279,5767279
/home/users/nus/dws.lim/scratch/traces/DRACC/DRACC_OMP_013_Counter_wrong_critical_simd_Intra_yes/105M_events_16_threads/traces_filter.std,UClockEpoch,1.0,13541.4,695.3597310425414,13479.5,12621,15084,1039,0.0,1039.0,1039,1039
/home/users/nus/dws.lim/scratch/traces/DRACC/DRACC_OMP_020_Counter_wrong_lock_simd_Inter_yes/105M_events_16_threads/traces_filter.std,HBEpoch,1.0,6.7,1.4944341180973264,6.5,5,9,15,0.0,15.0,15,15
/home/users/nus/dws.lim/scratch/traces/DRACC/DRACC_OMP_020_Counter_wrong_lock_simd_Inter_yes/105M_events_16_threads/traces_filter.std,UClockEpoch,1.0,7,1.4142135623730951,7.0,5,9,15,0.0,15.0,15,15
/home/users/nus/dws.lim/scratch/traces/HPCBench/OmpSCR_v2.0/c_LoopsWithDependencies/c_loopA.solution1/674M_events_56_threads/traces_filter.std,UClockEpoch,1.0,114280.3,9819.041999548066,112355.0,104904,140422,4653,0.0,4653.0,4653,4653
/home/users/nus/dws.lim/scratch/traces/HPCBench/graph500/172M_events_56_threads/traces_filter.std,HBEpoch,1.0,121704.3,3492.213021693964,121363.5,116957,128088,57172781,0.0,57172781.0,57172781,57172781
/home/users/nus/dws.lim/scratch/traces/DRACC/DRACC_OMP_012_Counter_wrong_critical_simd_yes/105M_events_16_threads/traces_filter.std,UClockEpoch,1.0,13341.7,422.362942924158,13423.5,12630,13867,527,0.0,527.0,527,527
/home/users/nus/dws.lim/scratch/traces/DRACC/DRACC_OMP_011_Counter_wrong_critical_Inter_yes/135M_events_16_threads/traces_filter.std,HBEpoch,1.0,6.3,1.766981104093143,7.0,3,8,15,0.0,15.0,15,15
/home/users/nus/dws.lim/scratch/traces/DRACC/DRACC_OMP_019_Counter_wrong_lock_simd_Intra_yes/105M_events_16_threads/traces_filter.std,HBEpoch,1.0,51802.4,1992.6418086996412,52225.0,48755,54518,94602673,0.0,94602673.0,94602673,94602673
/home/users/nus/dws.lim/scratch/traces/HPCBench/OmpSCR_v2.0/c_LoopsWithDependencies/c_loopA.solution1/193M_events_16_threads/traces_filter.std,HBEpoch,1.0,52947.1,2375.296587329207,53090.0,48664,55610,1644,0.0,1644.0,1644,1644
/home/users/nus/dws.lim/scratch/traces/HPCBench/OmpSCR_v2.0/c_LoopsWithDependencies/c_loopA.badSolution/394M_events_56_threads/traces_filter.std,UClockEpoch,1.0,78910.6,4469.624199962329,79592.5,70604,85415,5563,0.0,5563.0,5563,5563
/home/users/nus/dws.lim/scratch/traces/HPCBench/OmpSCR_v2.0/c_LoopsWithDependencies/c_loopB.badSolution1/394M_events_56_threads/traces_filter.std,UClockEpoch,1.0,73433.9,4703.287395239868,71913.5,67232,81148,5558,0.0,5558.0,5558,5558
/home/users/nus/dws.lim/scratch/traces/HPCBench/OmpSCR_v2.0/c_fft/2.1B_events_56_threads/traces_valid_filter.std,UClockEpoch,1.0,99473.7,6989.6119118144015,98996.0,90726,112349,5767279,0.0,5767279.0,5767279,5767279
/home/users/nus/dws.lim/scratch/traces/HPCBench/OmpSCR_v2.0/c_LoopsWithDependencies/c_loopA.solution3/337M_events_56_threads/traces_filter.std,HBEpoch,1.0,202737.5,4749.190463179547,203880.5,192638,209319,5561,0.0,5561.0,5561,5561
/home/users/nus/dws.lim/scratch/traces/HPCBench/OmpSCR_v2.0/c_fft/496M_events_56_threads/c_fft_n=1024_t56_traces_valid_filter.std,HBEpoch,1.0,98778.4,792.3919064032225,98639.5,97940,100252,1554253,0.0,1554253.0,1554253,1554253
/home/users/nus/dws.lim/scratch/traces/HPCBench/OmpSCR_v2.0/c_LoopsWithDependencies/c_loopA.solution3/337M_events_56_threads/traces_filter.std,UClockEpoch,1.0,21040.6,334.8449724209034,21154.0,20279,21374,5561,0.0,5561.0,5561,5561
